<?xml version='1.0' encoding='UTF-8' ?>
<timeLogEntries>
  <time id="1" path="/Non Project/PSP Training/Program 1/Planning" start="@1581978765583" delta="16" flag="A" />
  <time id="2" path="/Non Project/PSP Training/Program 1/Planning" start="@1581982999313" delta="1" flag="A" />
  <time id="3" path="/Non Project/PSP Training/Program 1/Design" start="@1581983078274" delta="5" flag="A" />
  <time id="4" path="/Non Project/PSP Training/Program 1/Design" start="@1581996950541" delta="24" interrupt="4" flag="A" />
  <time id="5" path="/Non Project/PSP Training/Program 1/Code" start="@1581998665973" delta="19" flag="A" />
  <time id="6" path="/Non Project/PSP Training/Program 1/Code" start="@1582000257261" delta="25" interrupt="39" flag="A" />
  <time id="7" path="/Non Project/PSP Training/Program 1/Code" start="@1582004794344" delta="32" interrupt="3" flag="A" />
  <time id="8" path="/Non Project/PSP Training/Program 1/Compile" start="@1582006931552" delta="3" flag="A" />
  <time id="9" path="/Non Project/PSP Training/Program 1/Test" start="@1582007522000" delta="96" interrupt="1" flag="A" />
  <time id="10" flag="D" />
  <time id="11" path="/Non Project/PSP Training/Program 1/Test" start="@1582036902961" delta="79" interrupt="10" flag="A" />
  <time id="12" path="/Non Project/PSP Training/Program 1/Postmortem" start="@1582042627331" delta="4" flag="A" />
</timeLogEntries>
